{
  "token_acc": 1.0,
  "token_p": 0.9988117635,
  "token_r": 0.9995045581,
  "token_f": 0.9991580407,
  "pos_acc": 0.9695858926,
  "morph_acc": 0.9582445886,
  "morph_micro_p": 0.981544665,
  "morph_micro_r": 0.9783079143,
  "morph_micro_f": 0.9799236168,
  "morph_per_feat": {
    "Mood": {
      "p": 0.9854191981,
      "r": 0.9806529625,
      "f": 0.983030303
    },
    "Number": {
      "p": 0.9934303144,
      "r": 0.9890982713,
      "f": 0.9912595599
    },
    "Person": {
      "p": 0.9712153518,
      "r": 0.9722518677,
      "f": 0.9717333333
    },
    "Tense": {
      "p": 0.9438058748,
      "r": 0.9723684211,
      "f": 0.9578742709
    },
    "VerbForm": {
      "p": 0.9708890637,
      "r": 0.9778129952,
      "f": 0.9743387288
    },
    "Gender": {
      "p": 0.9708381615,
      "r": 0.9613692867,
      "f": 0.9660805227
    },
    "PronType": {
      "p": 0.9906396256,
      "r": 0.984496124,
      "f": 0.9875583204
    },
    "Definite": {
      "p": 0.9972807614,
      "r": 0.993902439,
      "f": 0.9955887343
    },
    "NumType": {
      "p": 0.9674267101,
      "r": 0.9737704918,
      "f": 0.9705882353
    },
    "Voice": {
      "p": 0.9294117647,
      "r": 0.9186046512,
      "f": 0.9239766082
    },
    "Polarity": {
      "p": 1.0,
      "r": 1.0,
      "f": 1.0
    },
    "Case": {
      "p": 0.94,
      "r": 0.9591836735,
      "f": 0.9494949495
    }
  },
  "sents_p": 0.93225058,
  "sents_r": 0.9595840835,
  "sents_f": 0.9457198725,
  "dep_uas": 0.9012559051,
  "dep_las": 0.8612743404,
  "dep_las_per_type": {
    "cop": {
      "p": 0.8516129032,
      "r": 0.9361702128,
      "f": 0.8918918919
    },
    "root": {
      "p": 0.9133574007,
      "r": 0.9035714286,
      "f": 0.908438061
    },
    "det": {
      "p": 0.9702315325,
      "r": 0.9659714599,
      "f": 0.9680968097
    },
    "amod": {
      "p": 0.943627451,
      "r": 0.9390243902,
      "f": 0.9413202934
    },
    "nsubj": {
      "p": 0.8886956522,
      "r": 0.8917975567,
      "f": 0.8902439024
    },
    "case": {
      "p": 0.9751750477,
      "r": 0.9776643267,
      "f": 0.9764181007
    },
    "nmod": {
      "p": 0.8019271949,
      "r": 0.8340757238,
      "f": 0.8176855895
    },
    "flat:name": {
      "p": 0.8865248227,
      "r": 0.9090909091,
      "f": 0.8976660682
    },
    "acl": {
      "p": 0.6633663366,
      "r": 0.5775862069,
      "f": 0.6175115207
    },
    "advmod": {
      "p": 0.8085714286,
      "r": 0.8039772727,
      "f": 0.8062678063
    },
    "obl": {
      "p": 0.6811594203,
      "r": 0.6769547325,
      "f": 0.6790505676
    },
    "conj": {
      "p": 0.6380597015,
      "r": 0.63099631,
      "f": 0.6345083488
    },
    "cc": {
      "p": 0.8888888889,
      "r": 0.9043478261,
      "f": 0.8965517241
    },
    "obj": {
      "p": 0.8591549296,
      "r": 0.8227360308,
      "f": 0.8405511811
    },
    "obl:agent": {
      "p": 0.7941176471,
      "r": 0.9,
      "f": 0.84375
    },
    "acl:relcl": {
      "p": 0.6636363636,
      "r": 0.6886792453,
      "f": 0.6759259259
    },
    "mark": {
      "p": 0.8834951456,
      "r": 0.8504672897,
      "f": 0.8666666667
    },
    "advcl": {
      "p": 0.6290322581,
      "r": 0.6964285714,
      "f": 0.6610169492
    },
    "xcomp": {
      "p": 0.8064516129,
      "r": 0.8,
      "f": 0.8032128514
    },
    "iobj": {
      "p": 0.5,
      "r": 0.2272727273,
      "f": 0.3125
    },
    "appos": {
      "p": 0.6235294118,
      "r": 0.6463414634,
      "f": 0.6347305389
    },
    "fixed": {
      "p": 0.8039215686,
      "r": 0.7321428571,
      "f": 0.7663551402
    },
    "nummod": {
      "p": 0.961038961,
      "r": 0.9487179487,
      "f": 0.9548387097
    },
    "dep": {
      "p": 0.0,
      "r": 0.0,
      "f": 0.0
    },
    "aux": {
      "p": 0.9230769231,
      "r": 0.9677419355,
      "f": 0.9448818898
    },
    "csubj": {
      "p": 0.6,
      "r": 0.375,
      "f": 0.4615384615
    },
    "ccomp": {
      "p": 0.6379310345,
      "r": 0.6166666667,
      "f": 0.6271186441
    },
    "orphan": {
      "p": 0.0,
      "r": 0.0,
      "f": 0.0
    },
    "flat": {
      "p": 1.0,
      "r": 1.0,
      "f": 1.0
    },
    "aux:pass": {
      "p": 1.0,
      "r": 0.9705882353,
      "f": 0.9850746269
    },
    "nsubj:pass": {
      "p": 0.8214285714,
      "r": 0.8518518519,
      "f": 0.8363636364
    },
    "parataxis": {
      "p": 0.3728813559,
      "r": 0.3098591549,
      "f": 0.3384615385
    },
    "list": {
      "p": 0.0,
      "r": 0.0,
      "f": 0.0
    },
    "expl": {
      "p": 0.8636363636,
      "r": 1.0,
      "f": 0.9268292683
    },
    "compound": {
      "p": 1.0,
      "r": 0.8,
      "f": 0.8888888889
    },
    "vocative": {
      "p": 0.0,
      "r": 0.0,
      "f": 0.0
    },
    "discourse": {
      "p": 0.0,
      "r": 0.0,
      "f": 0.0
    },
    "expl:pass": {
      "p": 0.0,
      "r": 0.0,
      "f": 0.0
    },
    "flat:foreign": {
      "p": 0.6666666667,
      "r": 0.5,
      "f": 0.5714285714
    }
  },
  "lemma_acc": 0.9730077757,
  "tag_acc": 0.8953833961,
  "ents_p": 0.9000117772,
  "ents_r": 0.9023675044,
  "ents_f": 0.9011881013,
  "ents_per_type": {
    "LOC": {
      "p": 0.9170711413,
      "r": 0.9300984529,
      "f": 0.923538859
    },
    "PER": {
      "p": 0.913500538,
      "r": 0.9313080169,
      "f": 0.9223183319
    },
    "ORG": {
      "p": 0.8542146476,
      "r": 0.8284565557,
      "f": 0.8411384511
    },
    "MISC": {
      "p": 0.8196865645,
      "r": 0.7699305326,
      "f": 0.7940298507
    }
  },
  "speed": 9207.0798974617
}